label,count,percentage
primary,37513,92.67274389189456
clear,28431,70.23641888386571
agriculture,12315,30.423182390869343
road,8071,19.93873366436918
water,7411,18.308258603226367
partly_cloudy,7261,17.93769608933027
cultivation,4477,11.060055831418762
habitation,3660,9.041725339064701
haze,2697,6.662713999851776
cloudy,2089,5.160700610192939
bare_ground,862,2.1294992465228884
selective_logging,340,0.8399416981644804
artisinal_mine,339,0.837471281405173
blooming,332,0.8201783640900221
slash_burn,209,0.5163171026952247
conventional_mine,100,0.2470416759307295
blow_down,98,0.24210084241211494
